<?xml version="1.0" encoding="UTF-8" ?>
<!DOCTYPE mapper
  PUBLIC "-//mybatis.org//DTD Mapper 3.0//EN"
  "https://mybatis.org/dtd/mybatis-3-mapper.dtd">

<mapper namespace="org.doit.senti.mapper.LoginMapper">

    <resultMap id="memberResultMap" type="org.doit.senti.domain.user.MemberVO">
        <id property="memberId" column="MEMBER_ID"/>
        <result property="memberPwd" column="MEMBER_PWD"/>
        <result property="memberName" column="MEMBER_NAME"/>
        <result property="mileage" column="MILEAGE"/>
        <result property="couponId" column="COUPON_ID"/>
        <result property="gradeId" column="GRADE_ID"/>
        <result property="enabled" column="ENABLED"/>
        <collection property="authList" ofType="org.doit.senti.domain.user.AuthVO">
            <id property="username" column="USERNAME"/>
            <result property="authority" column="AUTHORITY"/>
        </collection>
    </resultMap>

    <select id="selectMemberById" resultMap="memberResultMap" parameterType="String">
        SELECT MEMBER_ID, MEMBER_PWD, MEMBER_NAME, MILEAGE, COUPON_ID, GRADE_ID, ENABLED
        FROM MEMBER
        WHERE MEMBER_ID = #{memberId}
    </select>

    <select id="selectAuthoritiesByUsername" resultType="org.doit.senti.domain.user.AuthVO" parameterType="String">
        SELECT USERNAME, AUTHORITY
        FROM MEMBER_AUTHORITIES
        WHERE USERNAME = #{username}
    </select>
</mapper>
