<?xml version="1.0" encoding="UTF-8"?>
<beans xmlns="http://www.springframework.org/schema/beans"
	xmlns:xsi="http://www.w3.org/2001/XMLSchema-instance"
	xmlns:security="http://www.springframework.org/schema/security"
	xsi:schemaLocation="http://www.springframework.org/schema/security http://www.springframework.org/schema/security/spring-security-4.2.xsd
		http://www.springframework.org/schema/beans http://www.springframework.org/schema/beans/spring-beans-4.3.xsd">

    <!-- 에러 : spring-security-4.2.xsd 수정. -->	
	 		
	<security:http pattern="/static/**" security="none"></security:http>	
	<security:http pattern="/design/**" security="none"></security:http>
		
	<!-- <security:http pattern="/customer/**" security="none"></security:http> -->
	
	<security:http> 
	   <security:form-login/>  
	</security:http>	
	
	<security:authentication-manager> 
	</security:authentication-manager>

</beans>
